{"ContentRoots":["C:\\Develop\\MB3\\Source\\Bannerlord\\TaleWorlds.MountAndBlade.DedicatedCustomServer.WebPanel\\wwwroot\\"],"Root":{"Children":{"css":{"Children":{"site.css":{"Children":null,"Asset":{"ContentRootIndex":0,"SubPath":"css/site.css"},"Patterns":null}},"Asset":null,"Patterns":null},"dist":{"Children":{"main.js":{"Children":null,"Asset":{"ContentRootIndex":0,"SubPath":"dist/main.js"},"Patterns":null},"main.js.map":{"Children":null,"Asset":{"ContentRootIndex":0,"SubPath":"dist/main.js.map"},"Patterns":null},"vendor-manifest.json":{"Children":null,"Asset":{"ContentRootIndex":0,"SubPath":"dist/vendor-manifest.json"},"Patterns":null},"vendor.css":{"Children":null,"Asset":{"ContentRootIndex":0,"SubPath":"dist/vendor.css"},"Patterns":null},"vendor.css.map":{"Children":null,"Asset":{"ContentRootIndex":0,"SubPath":"dist/vendor.css.map"},"Patterns":null},"vendor.js":{"Children":null,"Asset":{"ContentRootIndex":0,"SubPath":"dist/vendor.js"},"Patterns":null},"vendor.js.map":{"Children":null,"Asset":{"ContentRootIndex":0,"SubPath":"dist/vendor.js.map"},"Patterns":null}},"Asset":null,"Patterns":null}},"Asset":null,"Patterns":[{"ContentRootIndex":0,"Pattern":"**","Depth":0}]}}